{
    "arquitectura": {
        "neuronas_entrada": 35,
        "neuronas_ocultas": 5,
        "neuronas_salida": 3
    },
    "clases_info": {
        "A": [
            0.1,
            0.1,
            0.9
        ],
        "E": [
            0.1,
            0.9,
            0.1
        ],
        "I": [
            0.1,
            0.9,
            0.9
        ],
        "O": [
            0.9,
            0.1,
            0.1
        ],
        "U": [
            0.9,
            0.1,
            0.9
        ]
    },
    "pesos": {
        "pesos_ih": [
            [
                0.16532794034678866,
                0.07808310580980392,
                -0.03513164664747859,
                0.2331240623728709,
                -0.0013260329111259898,
                -0.5428466624532468,
                -0.5610298826871081,
                0.4364129036826671,
                0.04805830915525644,
                -0.08971476177509362,
                -0.7815165956227222,
                0.2820557829013646,
                0.47392943818390093,
                -0.3313536063817599,
                -0.6382786267036096,
                -0.5171797377395767,
                0.2593803676406995,
                0.7202888840763376,
                0.920337832357557,
                -0.40408289259988955,
                -0.01239602939540488,
                -0.6124134341536984,
                -0.11000160015964075,
                -0.6462319290872364,
                0.1329113209707026,
                0.31190891540768934,
                -0.45899836242877917,
                0.13616588008904526,
                0.1263748473850926,
                -0.5518203369811571,
                1.1190236363754764,
                -1.1864256154571924,
                -0.8327636183349748,
                -0.22747283087547468,
                1.3406427180589295
            ],
            [
                -0.2731458757748645,
                0.42181070525907727,
                0.2328078735338914,
                0.5187434690863794,
                -0.7931393369762728,
                0.0924757353268307,
                0.05760346930242145,
                -0.8507123224793349,
                0.42918542574671625,
                -0.10104303360451738,
                0.7268812707649177,
                -0.09913318277633126,
                -0.5060947013803097,
                0.021739862880481003,
                -0.2375057636399488,
                0.7982448594438791,
                0.43401503248555806,
                0.34028596800939787,
                0.376405762570032,
                0.47240999908234715,
                0.8022254677434467,
                -0.019086490660291423,
                -0.6469382121898436,
                -0.16601520543293374,
                -0.2035130923597518,
                0.27805199724400875,
                0.04038039348550837,
                -0.21318713570814551,
                -0.1385080826526097,
                -0.18006642724053573,
                -0.35402422520995047,
                -0.059709069294549624,
                0.5464933431360816,
                -0.2586970209087587,
                0.16182284040268147
            ],
            [
                0.821482412690489,
                0.3524510024574621,
                0.10499996396836282,
                0.8800986083034442,
                0.697897189946652,
                0.10794696724519046,
                0.40225495220009766,
                -0.27456476558299886,
                -0.07418185919511668,
                -1.3721422669906904,
                0.19574522682439366,
                0.18801317523045075,
                -0.1331266856537092,
                -0.4217884233368451,
                -1.0892407994066224,
                -0.08280173941971163,
                0.6585493867952731,
                0.7757984213784347,
                0.7610486564726009,
                -0.1307617957880984,
                -0.4891229710573308,
                0.3022074590491437,
                0.31091822501008426,
                0.12184073562529711,
                -0.36418453744734275,
                -0.049478616963117464,
                0.11565806042401171,
                0.08240930231388051,
                -0.4137156531896034,
                -0.7998330312443711,
                0.09682293638007941,
                0.6300276140980247,
                0.3306991373927327,
                0.4507988438183347,
                0.67946154272881
            ],
            [
                -0.6076824278087715,
                -0.4615272141215759,
                -0.036086123031512485,
                -0.5679100639220808,
                -0.7416239513033951,
                -0.1841965905262092,
                -0.47553396524587965,
                0.33090825304283145,
                0.23837579893355176,
                0.7264735856651997,
                0.35054939686847486,
                0.22702421022235914,
                -0.3045857635318306,
                0.3287998753682912,
                0.5851274306749641,
                0.19087182739535213,
                0.1165501471919607,
                -0.5336875481825768,
                -0.5901110449680068,
                -0.2458864936530156,
                -0.02075390115879874,
                0.23030670580821333,
                0.3747360277116616,
                -0.5652314535341822,
                0.3983287520748529,
                -0.0673002957146238,
                -0.35755352575217464,
                -0.42714151668373596,
                -0.22536168444582066,
                0.7302895879408982,
                -0.44117190412055557,
                -0.34016805683345974,
                -0.12762209781974496,
                -0.41966682327356875,
                0.340837790407012
            ],
            [
                0.9466033083894415,
                -1.3541974859998178,
                -1.123669352828665,
                -0.792010814682017,
                0.6453504768222442,
                -0.8785407213872848,
                0.0680925344777515,
                0.394223464483546,
                -0.3160924081330963,
                0.22203897108499068,
                -0.07752214257079687,
                -0.25366214191542874,
                0.3001900443343162,
                0.18079177520896195,
                0.8356177844283309,
                -0.5099935377925845,
                -0.06662177009434145,
                0.18080001030667883,
                -0.22807021806280847,
                -0.08835710478859406,
                -0.4550855388267897,
                -0.12933194834542328,
                0.566651205534736,
                -0.14814784720262344,
                0.22410769403496403,
                0.0033587966039018338,
                -0.30170793066625445,
                0.28757233316133174,
                -0.32331613734935416,
                0.49706625286649153,
                0.47718249463691825,
                -1.0530769804045421,
                -0.49858179805851177,
                -0.5998593557042706,
                0.3521452739728891
            ]
        ],
        "sesgos_h": [
            [
                -0.37869027358296153
            ],
            [
                0.21080276177040033
            ],
            [
                -0.04591224143885216
            ],
            [
                0.3669854081058691
            ],
            [
                -0.23005021523709257
            ]
        ],