{
    "arquitectura": {
        "neuronas_entrada": 35,
        "neuronas_ocultas": 10,
        "neuronas_salida": 1
    },
    "pesos_ih": [
        [
            0.0669186531899103,
            -0.6837639974842907,
            0.5430630872362011,
            0.31359571147169646,
            0.2404889617928863,
            -0.9125687757660651,
            0.21783556966009604,
            -0.4729440666445485,
            0.5601779751587267,
            0.8666272032072669,
            -0.6191743536532942,
            -1.4547825138572095,
            -1.016652828814924,
            -1.3553269951549813,
            -0.3367713562588815,
            -0.5816543931130388,
            -0.4000858955956322,
            -0.3621246076567917,
            0.3739539868100806,
            -0.2479063510107814,
            -0.09043478907481704,
            -0.6623782814940332,
            -0.728383582347789,
            0.25813853789580843,
            -0.17422358355145262,
            -1.049179208263038,
            -0.840145650021566,
            -0.11899483966973863,
            -0.8894354217659493,
            1.570212868656221,
            0.13811255204562703,
            0.5223550914480017,
            0.9404692686775022,
            0.7240077976300191,
            0.34857493913152443
        ],
        [
            0.23528863954428025,
            -0.6399221902167113,
            -0.5495663313037195,
            -0.448608605139274,
            0.2209992671418302,
            0.07695987630670517,
            0.23302037875932755,
            -0.18051098377072797,
            -0.3541393223837085,
            0.04592318394496298,
            -0.39720998523030465,
            -0.35556361369799033,
            -0.43646959213760567,
            -0.1768866241062973,
            0.3291626193262777,
            0.16295867722461077,
            0.13737604332913506,
            0.27109628941750535,
            -0.2608628050900796,
            0.3998795309573988,
            -0.2803145693827169,
            -0.2087708886767717,
            -0.2672483222827202,
            0.13693347612399284,
            -0.2687016413626232,
            0.2839747761808968,
            -0.24416418050415858,
            -0.33309023196896026,
            -0.7027282894260489,
            0.18147274512155798,
            0.37264777200236066,
            -0.4622355838949443,
            -0.6016641599942069,
            -0.3186095942440596,
            -0.25434930021437646
        ],
        [
            0.7793156486658758,
            0.8719782763134558,
            0.6323133309331256,
            -0.4783417661908706,
            -0.03755668765229058,
            0.9231543286556224,
            1.0723492782098805,
            -0.5065495718473486,
            -0.16848830222307262,
            -0.06881921113745194,
            0.47353773150331857,
            -1.0657479612128185,
            -1.3210199306373014,
            -1.107988534624499,
            -0.34961720061043866,
            -1.0785038709269401,
            -0.48552560147822144,
            -2.5062375900380696,
            -2.2566455498519153,
            -0.9279580993447347,
            -1.0389123690216566,
            -0.8116959457856346,
            -1.8697017975811454,
            -0.8034389541992467,
            -1.396574760726884,
            1.5325988176615275,
            0.8135501672059988,
            1.6108249449164151,
            -0.1817123933235144,
            -0.7142891589943219,
            1.0363919111318292,
            2.7232461847774645,
            1.0115816384757341,
            1.2346953287865505,
            0.487630685466848
        ],
        [
            -0.4871027354129877,
            0.15615231416479616,
            0.30278549654703624,
            0.10745126100262187,
            -0.8879037401403563,
            -0.6409617121353791,
            0.42553418449333164,
            0.21327979342836928,
            0.4429277474233024,
            -0.32508633593609815,
            -0.570346897436708,
            -0.2999361982365729,
            -0.14157730494288048,
            -0.2087340283134415,
            -0.705589831945626,
            -0.5737836677757,
            -0.190644811048782,
            0.40402005231672733,
            0.24801464489022912,
            -0.526497496684384,
            0.14849105150822725,
            0.09401980392522503,
            -0.40610799418648785,
            0.2244541555568805,
            -0.4850064321284898,
            -0.3294200170124766,
            -0.568314231534103,
            0.08707097395087045,
            -0.22861644913664186,
            -0.5143588439776722,
            0.08298597674711265,
            0.06708875345940407,
            0.3967266259244878,
            -0.5944858228373942,
            -0.15984439835105493
        ],
        [
            -0.5743699773351899,
            0.047634715273915454,
            0.3999616333209933,
            0.2547579485328529,
            0.13576636829389793,
            -0.28274579394838145,
            0.19172911477792823,
            -0.5494430734668004,
            -0.7493201201687659,
            -0.4700225325964816,
            -0.1109893918598791,
            -0.31897863470893295,
            -0.11310895168128844,
            0.3997091764971583,
            -0.3089102253039531,
            0.3310449271395127,
            0.2903294792266293,
            -0.030569092775580103,
            0.7366820707574576,
            0.18952531979150214,
            -0.1313383599682038,
            -0.07262671468810626,
            -0.49338850215937213,
            -0.03884230646771717,
            -0.42396160375861464,
            0.3430035572002165,
            -0.4619678734526623,
            -0.12478005807483442,
            0.29175036378045033,
            0.006004503881833459,
            -0.5978868969031736,
            -0.21455803853407754,
            -0.17761663772731304,
            -0.030903248159400133,
            0.020206763662739907
        ],
        [
            0.2619475899492026,
            -0.04821882490854664,
            0.23627289082457603,
            -0.09626266024637455,
            -0.5298323237187612,
            -0.14522843077989342,
            -0.5395601586853859,
            -0.8450934106423418,
            -0.632868843557617,
            0.3050896938604337,
            -0.3233838131207411,
            0.09011119800133181,
            0.14377421903758816,
            -0.03243194766229859,
            -0.1700304679442967,
            -0.25066637478634174,
            -0.018511186871620174,
            0.050257214858675264,
            -0.15068926193867513,
            0.1381188093800097,
            0.15760291968287898,
            -0.383839795692799,
            0.36245201915550807,
            -0.6049869562179266,
            -0.5276366759234087,
            0.3012608831671828,
            -0.274394101730048,
            0.29970224823306263,
            0.2389605416537474,
            -0.2718828824342631,
            0.0029941120614674827,
            -0.526123233089418,
            0.26131071203689726,
            -0.25063510094389335,
            0.12959291006380227
        ],
        [
            -0.11398707560650895,
            0.26648078970400024,
            -0.4525602360611566,
            0.49790427770224843,
            0.0837013273717136,
            -0.46391605670290653,
            0.13274208713414312,
            -0.0690932058452374,
            -0.49300806523099394,
            -0.27590608444014897,
            -0.35372768693306794,
            -0.004108602718197059,
            -0.10368480985690741,
            0.007649963315710092,
            -0.44435178423456,
            -0.22282223647816485,
            0.36229706956296387,
            0.6071534931595308,
            0.5609339968637496,
            -0.5366551383179652,
            0.25147881565937874,
            -0.20528233857885028,
            -0.29886357074573794,
            0.15065275433035757,
